{
  "round": [
    1,
    2,
    3,
    4,
    5,
    6,
    7,
    8,
    9,
    10
  ],
  "train_loss": [
    1.1073983374583805,
    0.8880657797440646,
    0.7603625630327067,
    0.679392735655494,
    0.6195991647782488,
    0.5823608508064358,
    0.5576567261484242,
    0.5233283553998657,
    0.4981824413645099,
    0.48128885108532465
  ],
  "test_acc": [
    0.3688,
    0.4668,
    0.59,
    0.5878,
    0.6656,
    0.6656,
    0.6792,
    0.6964,
    0.7102,
    0.7014
  ],
  "test_loss": [
    1.7437493886947633,
    1.4379756607055665,
    1.1542542549133301,
    1.1328455486297608,
    0.9275528177261353,
    0.931423509979248,
    0.8920053663253784,
    0.8407369701385498,
    0.8092243753433227,
    0.8324452776432038
  ],
  "client_accs": [
    [
      0.49140974346905153,
      0.3905994104159843,
      0.3796095444685466,
      0.3056163384390955,
      0.2688990754409137
    ],
    [
      0.6153212520593081,
      0.465525712414019,
      0.46030368763557483,
      0.4023826890347678,
      0.37953538963561495
    ],
    [
      0.7134619910567193,
      0.5361120209629873,
      0.5652928416485901,
      0.5412107950401167,
      0.5684096029834512
    ],
    [
      0.6947517062838315,
      0.5293973141172618,
      0.5197396963123644,
      0.5168976416241187,
      0.6278455442467563
    ],
    [
      0.7552365262414685,
      0.6007206026858828,
      0.641648590021692,
      0.6340870410892293,
      0.6821536788128351
    ],
    [
      0.7592374676394446,
      0.5819685555191615,
      0.6676789587852494,
      0.6586433260393874,
      0.6866599331831249
    ],
    [
      0.7841845140032949,
      0.6184900098264002,
      0.6286334056399132,
      0.6124483345489911,
      0.7267500582705306
    ],
    [
      0.8191339138620852,
      0.6230756632820177,
      0.647288503253796,
      0.6260637004619499,
      0.7230984383497786
    ],
    [
      0.8051306189691693,
      0.6288077301015395,
      0.6594360086767896,
      0.6610746413809871,
      0.7604692720068371
    ],
    [
      0.7637091080254177,
      0.656567310841795,
      0.676355748373102,
      0.6513493800145879,
      0.7670732654805377
    ]
  ]
}