{
  "round": [
    1,
    2,
    3,
    4,
    5,
    6,
    7,
    8,
    9,
    10
  ],
  "train_loss": [
    1.7686140601587412,
    3.4904652796930637,
    2.6109987135472603,
    6.856813063748784,
    5.328684118484634,
    8.01673508901448,
    7.305975445864864,
    9.082919361059542,
    8.16255575996324,
    7.259549326975739
  ],
  "test_acc": [
    0.1064,
    0.1002,
    0.1008,
    0.0976,
    0.1008,
    0.1024,
    0.1008,
    0.0976,
    0.1002,
    0.0976
  ],
  "test_loss": [
    4.646329984283447,
    3.577888830566406,
    9.970007495117187,
    7.928812328338623,
    12.510500537109374,
    11.531906762695312,
    13.15647250366211,
    12.572911503601075,
    12.792996809387207,
    28.825354837036134
  ],
  "client_accs": [
    [
      0.16592139326900446,
      0.02513920733704553,
      0.32407809110629066,
      0.03476780938487722,
      0.10776163468261984
    ],
    [
      0.05907272299364556,
      8.188666885031116e-05,
      0.0008676789587852494,
      0.04400680768295648,
      0.25755574547432214
    ],
    [
      0.0815485996705107,
      0.1348673435964625,
      0.006941431670281995,
      0.1949914903963044,
      0.06557377049180328
    ],
    [
      0.05518945634266886,
      0.18072387815263674,
      0.0351409978308026,
      0.002674446875759786,
      0.09781679745163546
    ],
    [
      0.0815485996705107,
      0.1348673435964625,
      0.006941431670281995,
      0.1949914903963044,
      0.06557377049180328
    ],
    [
      0.00011767474699929395,
      0.25417622011136587,
      0.040780911062906725,
      0.06370046194991491,
      0.04110014761867765
    ],
    [
      0.0815485996705107,
      0.1348673435964625,
      0.006941431670281995,
      0.1949914903963044,
      0.06557377049180328
    ],
    [
      0.05518945634266886,
      0.18072387815263674,
      0.0351409978308026,
      0.002674446875759786,
      0.09781679745163546
    ],
    [
      0.05907272299364556,
      8.188666885031116e-05,
      0.0008676789587852494,
      0.04400680768295648,
      0.25755574547432214
    ],
    [
      0.05518945634266886,
      0.18072387815263674,
      0.0351409978308026,
      0.002674446875759786,
      0.09781679745163546
    ]
  ]
}