{
  "round": [
    1,
    2,
    3,
    4,
    5,
    6,
    7,
    8,
    9,
    10
  ],
  "train_loss": [
    402497744.2472768,
    NaN,
    NaN,
    NaN,
    NaN,
    NaN,
    NaN,
    NaN,
    NaN,
    NaN
  ],
  "test_acc": [
    0.1028,
    0.0976,
    0.0976,
    0.0976,
    0.0976,
    0.0976,
    0.0976,
    0.0976,
    0.0976,
    0.0976
  ],
  "test_loss": [
    1184797093.4784,
    NaN,
    NaN,
    NaN,
    NaN,
    NaN,
    NaN,
    NaN,
    NaN,
    NaN
  ],
  "client_accs": [
    [
      0.383502000470699,
      0.04094333442515558,
      0.004338394793926247,
      0.0007293946024799417,
      0.01584958433688136
    ],
    [
      0.05518945634266886,
      0.18072387815263674,
      0.0351409978308026,
      0.002674446875759786,
      0.09781679745163546
    ],
    [
      0.05518945634266886,
      0.18072387815263674,
      0.0351409978308026,
      0.002674446875759786,
      0.09781679745163546
    ],
    [
      0.05518945634266886,
      0.18072387815263674,
      0.0351409978308026,
      0.002674446875759786,
      0.09781679745163546
    ],
    [
      0.05518945634266886,
      0.18072387815263674,
      0.0351409978308026,
      0.002674446875759786,
      0.09781679745163546
    ],
    [
      0.05518945634266886,
      0.18072387815263674,
      0.0351409978308026,
      0.002674446875759786,
      0.09781679745163546
    ],
    [
      0.05518945634266886,
      0.18072387815263674,
      0.0351409978308026,
      0.002674446875759786,
      0.09781679745163546
    ],
    [
      0.05518945634266886,
      0.18072387815263674,
      0.0351409978308026,
      0.002674446875759786,
      0.09781679745163546
    ],
    [
      0.05518945634266886,
      0.18072387815263674,
      0.0351409978308026,
      0.002674446875759786,
      0.09781679745163546
    ],
    [
      0.05518945634266886,
      0.18072387815263674,
      0.0351409978308026,
      0.002674446875759786,
      0.09781679745163546
    ]
  ]
}