{
  "round": [
    1,
    2,
    3,
    4,
    5,
    6,
    7,
    8,
    9,
    10
  ],
  "train_loss": [
    1.249376880315969,
    1.0458921549279623,
    0.8269156733041477,
    0.6786785013036593,
    0.5873203246837109,
    0.5277103096895495,
    0.4843767450464174,
    0.43860689512794354,
    0.4033762265317592,
    0.38021664572415625
  ],
  "test_acc": [
    0.0986,
    0.328,
    0.5038,
    0.646,
    0.6854,
    0.6798,
    0.6928,
    0.739,
    0.7526,
    0.7614
  ],
  "test_loss": [
    2.305366571044922,
    1.7419968116760254,
    1.377231587600708,
    1.0132541166305542,
    0.8989463819503785,
    0.8957947858810424,
    0.845634536743164,
    0.7321865866184235,
    0.726682227396965,
    0.6862576704978943
  ],
  "client_accs": [
    [
      0.0010590727229936455,
      0.01596790042581068,
      0.04295010845986985,
      0.07415511791879406,
      0.2798539352031699
    ],
    [
      0.2852435867262885,
      0.3291844087782509,
      0.27071583514099784,
      0.2567469000729395,
      0.37122212726283893
    ],
    [
      0.7240527182866557,
      0.4538978054372748,
      0.4229934924078091,
      0.38414782397276925,
      0.4670188796519307
    ],
    [
      0.7240527182866557,
      0.599492302653128,
      0.6464208242950108,
      0.6170678336980306,
      0.6430735762567011
    ],
    [
      0.7528830313014827,
      0.6675401244677367,
      0.6364425162689805,
      0.6649647459275468,
      0.6788128350555512
    ],
    [
      0.7851259119792893,
      0.6361775302980675,
      0.6529284164859002,
      0.6177972283005105,
      0.7102789216067128
    ],
    [
      0.7835961402682984,
      0.6832623648869964,
      0.648590021691974,
      0.6491611962071481,
      0.7324217232538265
    ],
    [
      0.8204283360790774,
      0.6903046184081232,
      0.735357917570499,
      0.7048383175297837,
      0.7760080801802501
    ],
    [
      0.8057189927041657,
      0.7122502456600065,
      0.7331887201735358,
      0.7143204473620228,
      0.8014917255846477
    ],
    [
      0.8299599905860202,
      0.7374713396659024,
      0.7110629067245119,
      0.7101872112813031,
      0.8288400279698547
    ]
  ]
}