{
  "round": [
    1,
    2,
    3,
    4,
    5,
    6,
    7,
    8,
    9,
    10
  ],
  "train_loss": [
    1.5617620131549765,
    1.4752203232689367,
    1.2936835776818074,
    1.310588486637663,
    1.1998407088007585,
    1.282511206394631,
    1.1242385420834364,
    1.2827676610698215,
    1.0140955722571319,
    1.1736644983176885
  ],
  "test_acc": [
    0.1906,
    0.2942,
    0.2746,
    0.3376,
    0.3458,
    0.3706,
    0.388,
    0.4376,
    0.4176,
    0.4714
  ],
  "test_loss": [
    2.3116328956604004,
    1.9207530876159669,
    1.979951589202881,
    1.7777780111312866,
    1.8798822719573975,
    1.673948888397217,
    1.9091614017486571,
    1.5114003261566162,
    1.7778003814697265,
    1.400201901626587
  ],
  "client_accs": [
    [
      0.19145681336785125,
      0.21020307893874876,
      0.23253796095444684,
      0.1137855579868709,
      0.17481159195089738
    ],
    [
      0.4375147093433749,
      0.30789387487717,
      0.12971800433839478,
      0.27838560661317774,
      0.2245357781058193
    ],
    [
      0.33207813603200753,
      0.3027350147396004,
      0.2616052060737527,
      0.22684172137126185,
      0.22500194235102167
    ],
    [
      0.31807484113909157,
      0.4633966590239109,
      0.39002169197396963,
      0.5331874544128373,
      0.17395695750135964
    ],
    [
      0.41762767710049425,
      0.3637405830330822,
      0.32711496746203905,
      0.24507658643326038,
      0.3116307979177997
    ],
    [
      0.2559425747234643,
      0.5425810678021618,
      0.48850325379609544,
      0.6338439095550693,
      0.18700955636702665
    ],
    [
      0.4476347375853142,
      0.41680314444808386,
      0.3370932754880694,
      0.25966447848285923,
      0.36609432056561264
    ],
    [
      0.3230171805130619,
      0.6092368162463151,
      0.5110629067245119,
      0.6722586919523462,
      0.2797762411623029
    ],
    [
      0.4905860202400565,
      0.4591385522436947,
      0.3574837310195228,
      0.26768781911013856,
      0.39080102556133944
    ],
    [
      0.30830783713815013,
      0.6651654110710776,
      0.5171366594360087,
      0.7208849987843423,
      0.3575479760702354
    ]
  ]
}